In which area do you stay in western line in Mumbai?,What is the carpet area of your current house in square feet?,What is the current price of your house in INR?,How many rooms do you have?,What facilities are available in your current society?,What all facilities are currently available in your nearby area?,Car Parking,24hr Water Supply,Maintenance Staff,Lift,Gas Pipeline,Gym,24hr Security,School,College,Hospitals,Medical,Railway Station,Market
Bhayandar,500,5500000,1 BHK,"Car Parking,24hr Water Supply,Maintenance Staff,Lift","School,College,Hospitals,Medical,Railway Station,Market","Car Parking,24hr Water Supply,Maintenance Staff,Lift","Car Parking,24hr Water Supply,Maintenance Staff,Lift","Car Parking,24hr Water Supply,Maintenance Staff,Lift","Car Parking,24hr Water Supply,Maintenance Staff,Lift","Car Parking,24hr Water Supply,Maintenance Staff,Lift","Car Parking,24hr Water Supply,Maintenance Staff,Lift","Car Parking,24hr Water Supply,Maintenance Staff,Lift","School,College,Hospitals,Medical,Railway Station,Market","School,College,Hospitals,Medical,Railway Station,Market","School,College,Hospitals,Medical,Railway Station,Market","School,College,Hospitals,Medical,Railway Station,Market","School,College,Hospitals,Medical,Railway Station,Market","School,College,Hospitals,Medical,Railway Station,Market"
Goregaon,450,8050000,2 BHK,"Car Parking,24hr Water Supply,Maintenance Staff,Gas Pipeline,Lift,24Hr Security","School,College,Hospitals,Medical,Railway Station,Market","Car Parking,24hr Water Supply,Maintenance Staff,Gas Pipeline,Lift,24Hr Security","Car Parking,24hr Water Supply,Maintenance Staff,Gas Pipeline,Lift,24Hr Security","Car Parking,24hr Water Supply,Maintenance Staff,Gas Pipeline,Lift,24Hr Security","Car Parking,24hr Water Supply,Maintenance Staff,Gas Pipeline,Lift,24Hr Security","Car Parking,24hr Water Supply,Maintenance Staff,Gas Pipeline,Lift,24Hr Security","Car Parking,24hr Water Supply,Maintenance Staff,Gas Pipeline,Lift,24Hr Security","Car Parking,24hr Water Supply,Maintenance Staff,Gas Pipeline,Lift,24Hr Security","School,College,Hospitals,Medical,Railway Station,Market","School,College,Hospitals,Medical,Railway Station,Market","School,College,Hospitals,Medical,Railway Station,Market","School,College,Hospitals,Medical,Railway Station,Market","School,College,Hospitals,Medical,Railway Station,Market","School,College,Hospitals,Medical,Railway Station,Market"
Bhayandar,330,3000000,1 RK,24hr Water Supply,"School,College,Hospitals,Medical,Railway Station,Market",24hr Water Supply,24hr Water Supply,24hr Water Supply,24hr Water Supply,24hr Water Supply,24hr Water Supply,24hr Water Supply,"School,College,Hospitals,Medical,Railway Station,Market","School,College,Hospitals,Medical,Railway Station,Market","School,College,Hospitals,Medical,Railway Station,Market","School,College,Hospitals,Medical,Railway Station,Market","School,College,Hospitals,Medical,Railway Station,Market","School,College,Hospitals,Medical,Railway Station,Market"
Nallasopara,400,2500000,1 RK,Car Parking,"School,Hospitals,Medical,Railway Station,Market",Car Parking,Car Parking,Car Parking,Car Parking,Car Parking,Car Parking,Car Parking,"School,Hospitals,Medical,Railway Station,Market","School,Hospitals,Medical,Railway Station,Market","School,Hospitals,Medical,Railway Station,Market","School,Hospitals,Medical,Railway Station,Market","School,Hospitals,Medical,Railway Station,Market","School,Hospitals,Medical,Railway Station,Market"
Bandra,200,8000000,1 RK,"24hr Water Supply,Maintenance Staff","School,College,Hospitals,Medical,Railway Station,Market","24hr Water Supply,Maintenance Staff","24hr Water Supply,Maintenance Staff","24hr Water Supply,Maintenance Staff","24hr Water Supply,Maintenance Staff","24hr Water Supply,Maintenance Staff","24hr Water Supply,Maintenance Staff","24hr Water Supply,Maintenance Staff","School,College,Hospitals,Medical,Railway Station,Market","School,College,Hospitals,Medical,Railway Station,Market","School,College,Hospitals,Medical,Railway Station,Market","School,College,Hospitals,Medical,Railway Station,Market","School,College,Hospitals,Medical,Railway Station,Market","School,College,Hospitals,Medical,Railway Station,Market"
Andheri,475,10000000,1 BHK,"Car Parking,24hr Water Supply,Gas Pipeline,Lift,24Hr Security","School,College,Hospitals,Medical,Railway Station,Market","Car Parking,24hr Water Supply,Gas Pipeline,Lift,24Hr Security","Car Parking,24hr Water Supply,Gas Pipeline,Lift,24Hr Security","Car Parking,24hr Water Supply,Gas Pipeline,Lift,24Hr Security","Car Parking,24hr Water Supply,Gas Pipeline,Lift,24Hr Security","Car Parking,24hr Water Supply,Gas Pipeline,Lift,24Hr Security","Car Parking,24hr Water Supply,Gas Pipeline,Lift,24Hr Security","Car Parking,24hr Water Supply,Gas Pipeline,Lift,24Hr Security","School,College,Hospitals,Medical,Railway Station,Market","School,College,Hospitals,Medical,Railway Station,Market","School,College,Hospitals,Medical,Railway Station,Market","School,College,Hospitals,Medical,Railway Station,Market","School,College,Hospitals,Medical,Railway Station,Market","School,College,Hospitals,Medical,Railway Station,Market"
Andheri,750,15000000,1 BHK,"Car Parking,24hr Water Supply,Maintenance Staff,Gas Pipeline,Lift,24Hr Security","School,College,Hospitals,Medical,Railway Station,Market","Car Parking,24hr Water Supply,Maintenance Staff,Gas Pipeline,Lift,24Hr Security","Car Parking,24hr Water Supply,Maintenance Staff,Gas Pipeline,Lift,24Hr Security","Car Parking,24hr Water Supply,Maintenance Staff,Gas Pipeline,Lift,24Hr Security","Car Parking,24hr Water Supply,Maintenance Staff,Gas Pipeline,Lift,24Hr Security","Car Parking,24hr Water Supply,Maintenance Staff,Gas Pipeline,Lift,24Hr Security","Car Parking,24hr Water Supply,Maintenance Staff,Gas Pipeline,Lift,24Hr Security","Car Parking,24hr Water Supply,Maintenance Staff,Gas Pipeline,Lift,24Hr Security","School,College,Hospitals,Medical,Railway Station,Market","School,College,Hospitals,Medical,Railway Station,Market","School,College,Hospitals,Medical,Railway Station,Market","School,College,Hospitals,Medical,Railway Station,Market","School,College,Hospitals,Medical,Railway Station,Market","School,College,Hospitals,Medical,Railway Station,Market"
Khar,450,2000000,1 RK,None of the above,"Medical,Railway Station",None of the above,None of the above,None of the above,None of the above,None of the above,None of the above,None of the above,"Medical,Railway Station","Medical,Railway Station","Medical,Railway Station","Medical,Railway Station","Medical,Railway Station","Medical,Railway Station"
Andheri,450,11000000,1 BHK,"24hr Water Supply,Gas Pipeline,Lift","School,College,Hospitals,Medical,Railway Station,Market","24hr Water Supply,Gas Pipeline,Lift","24hr Water Supply,Gas Pipeline,Lift","24hr Water Supply,Gas Pipeline,Lift","24hr Water Supply,Gas Pipeline,Lift","24hr Water Supply,Gas Pipeline,Lift","24hr Water Supply,Gas Pipeline,Lift","24hr Water Supply,Gas Pipeline,Lift","School,College,Hospitals,Medical,Railway Station,Market","School,College,Hospitals,Medical,Railway Station,Market","School,College,Hospitals,Medical,Railway Station,Market","School,College,Hospitals,Medical,Railway Station,Market","School,College,Hospitals,Medical,Railway Station,Market","School,College,Hospitals,Medical,Railway Station,Market"
Dahisar,230,2200000,1 BHK,None of the above,"School,Hospitals,Medical,Railway Station,Market",None of the above,None of the above,None of the above,None of the above,None of the above,None of the above,None of the above,"School,Hospitals,Medical,Railway Station,Market","School,Hospitals,Medical,Railway Station,Market","School,Hospitals,Medical,Railway Station,Market","School,Hospitals,Medical,Railway Station,Market","School,Hospitals,Medical,Railway Station,Market","School,Hospitals,Medical,Railway Station,Market"
Matunga Road,405,11000000,1 BHK,"Maintenance Staff,Lift,24Hr Security","School,College,Hospitals,Medical,Railway Station,Market","Maintenance Staff,Lift,24Hr Security","Maintenance Staff,Lift,24Hr Security","Maintenance Staff,Lift,24Hr Security","Maintenance Staff,Lift,24Hr Security","Maintenance Staff,Lift,24Hr Security","Maintenance Staff,Lift,24Hr Security","Maintenance Staff,Lift,24Hr Security","School,College,Hospitals,Medical,Railway Station,Market","School,College,Hospitals,Medical,Railway Station,Market","School,College,Hospitals,Medical,Railway Station,Market","School,College,Hospitals,Medical,Railway Station,Market","School,College,Hospitals,Medical,Railway Station,Market","School,College,Hospitals,Medical,Railway Station,Market"
Mahim,350,9000000,1 BHK,None of the above,"School,College,Hospitals,Medical,Railway Station,Market",None of the above,None of the above,None of the above,None of the above,None of the above,None of the above,None of the above,"School,College,Hospitals,Medical,Railway Station,Market","School,College,Hospitals,Medical,Railway Station,Market","School,College,Hospitals,Medical,Railway Station,Market","School,College,Hospitals,Medical,Railway Station,Market","School,College,Hospitals,Medical,Railway Station,Market","School,College,Hospitals,Medical,Railway Station,Market"
Dadar,600,32000000,2 BHK,"Car Parking,24hr Water Supply,Maintenance Staff,Gas Pipeline,Lift,24Hr Security","School,College,Hospitals,Medical,Railway Station,Market","Car Parking,24hr Water Supply,Maintenance Staff,Gas Pipeline,Lift,24Hr Security","Car Parking,24hr Water Supply,Maintenance Staff,Gas Pipeline,Lift,24Hr Security","Car Parking,24hr Water Supply,Maintenance Staff,Gas Pipeline,Lift,24Hr Security","Car Parking,24hr Water Supply,Maintenance Staff,Gas Pipeline,Lift,24Hr Security","Car Parking,24hr Water Supply,Maintenance Staff,Gas Pipeline,Lift,24Hr Security","Car Parking,24hr Water Supply,Maintenance Staff,Gas Pipeline,Lift,24Hr Security","Car Parking,24hr Water Supply,Maintenance Staff,Gas Pipeline,Lift,24Hr Security","School,College,Hospitals,Medical,Railway Station,Market","School,College,Hospitals,Medical,Railway Station,Market","School,College,Hospitals,Medical,Railway Station,Market","School,College,Hospitals,Medical,Railway Station,Market","School,College,Hospitals,Medical,Railway Station,Market","School,College,Hospitals,Medical,Railway Station,Market"
Matunga Road,684,10000000,1 BHK,"Car Parking,24hr Water Supply,Lift","School,Hospitals,Medical,Railway Station","Car Parking,24hr Water Supply,Lift","Car Parking,24hr Water Supply,Lift","Car Parking,24hr Water Supply,Lift","Car Parking,24hr Water Supply,Lift","Car Parking,24hr Water Supply,Lift","Car Parking,24hr Water Supply,Lift","Car Parking,24hr Water Supply,Lift","School,Hospitals,Medical,Railway Station","School,Hospitals,Medical,Railway Station","School,Hospitals,Medical,Railway Station","School,Hospitals,Medical,Railway Station","School,Hospitals,Medical,Railway Station","School,Hospitals,Medical,Railway Station"
Mira Road,1020,8200000,2 BHK,"Car Parking,Gas Pipeline,Lift,24Hr Security","School,College,Hospitals,Medical,Railway Station,Market","Car Parking,Gas Pipeline,Lift,24Hr Security","Car Parking,Gas Pipeline,Lift,24Hr Security","Car Parking,Gas Pipeline,Lift,24Hr Security","Car Parking,Gas Pipeline,Lift,24Hr Security","Car Parking,Gas Pipeline,Lift,24Hr Security","Car Parking,Gas Pipeline,Lift,24Hr Security","Car Parking,Gas Pipeline,Lift,24Hr Security","School,College,Hospitals,Medical,Railway Station,Market","School,College,Hospitals,Medical,Railway Station,Market","School,College,Hospitals,Medical,Railway Station,Market","School,College,Hospitals,Medical,Railway Station,Market","School,College,Hospitals,Medical,Railway Station,Market","School,College,Hospitals,Medical,Railway Station,Market"
Mahim,100,5000000,1 RK,None of the above,"School,College,Hospitals,Medical,Railway Station,Market",None of the above,None of the above,None of the above,None of the above,None of the above,None of the above,None of the above,"School,College,Hospitals,Medical,Railway Station,Market","School,College,Hospitals,Medical,Railway Station,Market","School,College,Hospitals,Medical,Railway Station,Market","School,College,Hospitals,Medical,Railway Station,Market","School,College,Hospitals,Medical,Railway Station,Market","School,College,Hospitals,Medical,Railway Station,Market"
Dadar,720,28500000,1 BHK,"Car Parking,24hr Water Supply","School,College,Hospitals,Medical,Railway Station,Market","Car Parking,24hr Water Supply","Car Parking,24hr Water Supply","Car Parking,24hr Water Supply","Car Parking,24hr Water Supply","Car Parking,24hr Water Supply","Car Parking,24hr Water Supply","Car Parking,24hr Water Supply","School,College,Hospitals,Medical,Railway Station,Market","School,College,Hospitals,Medical,Railway Station,Market","School,College,Hospitals,Medical,Railway Station,Market","School,College,Hospitals,Medical,Railway Station,Market","School,College,Hospitals,Medical,Railway Station,Market","School,College,Hospitals,Medical,Railway Station,Market"
Khar,600,50000000,2 BHK,"Car Parking,Maintenance Staff","School,College,Hospitals,Medical,Railway Station,Market","Car Parking,Maintenance Staff","Car Parking,Maintenance Staff","Car Parking,Maintenance Staff","Car Parking,Maintenance Staff","Car Parking,Maintenance Staff","Car Parking,Maintenance Staff","Car Parking,Maintenance Staff","School,College,Hospitals,Medical,Railway Station,Market","School,College,Hospitals,Medical,Railway Station,Market","School,College,Hospitals,Medical,Railway Station,Market","School,College,Hospitals,Medical,Railway Station,Market","School,College,Hospitals,Medical,Railway Station,Market","School,College,Hospitals,Medical,Railway Station,Market"
Khar,350,30000000,1 BHK,"Car Parking,Maintenance Staff","School,College,Hospitals,Medical,Railway Station,Market","Car Parking,Maintenance Staff","Car Parking,Maintenance Staff","Car Parking,Maintenance Staff","Car Parking,Maintenance Staff","Car Parking,Maintenance Staff","Car Parking,Maintenance Staff","Car Parking,Maintenance Staff","School,College,Hospitals,Medical,Railway Station,Market","School,College,Hospitals,Medical,Railway Station,Market","School,College,Hospitals,Medical,Railway Station,Market","School,College,Hospitals,Medical,Railway Station,Market","School,College,Hospitals,Medical,Railway Station,Market","School,College,Hospitals,Medical,Railway Station,Market"
Khar,1000,40000000,3 BHK,"24hr Water Supply,Maintenance Staff,Gas Pipeline,Lift,24Hr Security","School,Hospitals,Medical,Market","24hr Water Supply,Maintenance Staff,Gas Pipeline,Lift,24Hr Security","24hr Water Supply,Maintenance Staff,Gas Pipeline,Lift,24Hr Security","24hr Water Supply,Maintenance Staff,Gas Pipeline,Lift,24Hr Security","24hr Water Supply,Maintenance Staff,Gas Pipeline,Lift,24Hr Security","24hr Water Supply,Maintenance Staff,Gas Pipeline,Lift,24Hr Security","24hr Water Supply,Maintenance Staff,Gas Pipeline,Lift,24Hr Security","24hr Water Supply,Maintenance Staff,Gas Pipeline,Lift,24Hr Security","School,Hospitals,Medical,Market","School,Hospitals,Medical,Market","School,Hospitals,Medical,Market","School,Hospitals,Medical,Market","School,Hospitals,Medical,Market","School,Hospitals,Medical,Market"
Bandra,2500,7000000,1 BHK,"Car Parking,24hr Water Supply","Medical,Market","Car Parking,24hr Water Supply","Car Parking,24hr Water Supply","Car Parking,24hr Water Supply","Car Parking,24hr Water Supply","Car Parking,24hr Water Supply","Car Parking,24hr Water Supply","Car Parking,24hr Water Supply","Medical,Market","Medical,Market","Medical,Market","Medical,Market","Medical,Market","Medical,Market"
Bandra,3500,9250000,1 RK,Car Parking,"Hospitals,Medical,Railway Station,Market",Car Parking,Car Parking,Car Parking,Car Parking,Car Parking,Car Parking,Car Parking,"Hospitals,Medical,Railway Station,Market","Hospitals,Medical,Railway Station,Market","Hospitals,Medical,Railway Station,Market","Hospitals,Medical,Railway Station,Market","Hospitals,Medical,Railway Station,Market","Hospitals,Medical,Railway Station,Market"
Virar,386,2000000,1 BHK,"Lift,24Hr Security",School,"Lift,24Hr Security","Lift,24Hr Security","Lift,24Hr Security","Lift,24Hr Security","Lift,24Hr Security","Lift,24Hr Security","Lift,24Hr Security",School,School,School,School,School,School
Virar,580,4500000,2 BHK,"Lift,Club house","School,Hospitals,Medical,Railway Station,Market","Lift,Club house","Lift,Club house","Lift,Club house","Lift,Club house","Lift,Club house","Lift,Club house","Lift,Club house","School,Hospitals,Medical,Railway Station,Market","School,Hospitals,Medical,Railway Station,Market","School,Hospitals,Medical,Railway Station,Market","School,Hospitals,Medical,Railway Station,Market","School,Hospitals,Medical,Railway Station,Market","School,Hospitals,Medical,Railway Station,Market"
Mumbai Central,1200,30000000,1 BHK,"Car Parking,24hr Water Supply,Lift","School,College,Hospitals,Medical,Railway Station,Market","Car Parking,24hr Water Supply,Lift","Car Parking,24hr Water Supply,Lift","Car Parking,24hr Water Supply,Lift","Car Parking,24hr Water Supply,Lift","Car Parking,24hr Water Supply,Lift","Car Parking,24hr Water Supply,Lift","Car Parking,24hr Water Supply,Lift","School,College,Hospitals,Medical,Railway Station,Market","School,College,Hospitals,Medical,Railway Station,Market","School,College,Hospitals,Medical,Railway Station,Market","School,College,Hospitals,Medical,Railway Station,Market","School,College,Hospitals,Medical,Railway Station,Market","School,College,Hospitals,Medical,Railway Station,Market"
Dadar,350,5000000,1 BHK,"Car Parking,Maintenance Staff,Lift","Hospitals,Medical,Railway Station,Market","Car Parking,Maintenance Staff,Lift","Car Parking,Maintenance Staff,Lift","Car Parking,Maintenance Staff,Lift","Car Parking,Maintenance Staff,Lift","Car Parking,Maintenance Staff,Lift","Car Parking,Maintenance Staff,Lift","Car Parking,Maintenance Staff,Lift","Hospitals,Medical,Railway Station,Market","Hospitals,Medical,Railway Station,Market","Hospitals,Medical,Railway Station,Market","Hospitals,Medical,Railway Station,Market","Hospitals,Medical,Railway Station,Market","Hospitals,Medical,Railway Station,Market"
Mahalaxmi,350,7000000,1 BHK,"Car Parking,Maintenance Staff","School,College,Railway Station,Market","Car Parking,Maintenance Staff","Car Parking,Maintenance Staff","Car Parking,Maintenance Staff","Car Parking,Maintenance Staff","Car Parking,Maintenance Staff","Car Parking,Maintenance Staff","Car Parking,Maintenance Staff","School,College,Railway Station,Market","School,College,Railway Station,Market","School,College,Railway Station,Market","School,College,Railway Station,Market","School,College,Railway Station,Market","School,College,Railway Station,Market"
Churchgate,450,7500000,1 BHK,"Car Parking,24hr Water Supply,Maintenance Staff,Lift,24Hr Security","School,College,Market","Car Parking,24hr Water Supply,Maintenance Staff,Lift,24Hr Security","Car Parking,24hr Water Supply,Maintenance Staff,Lift,24Hr Security","Car Parking,24hr Water Supply,Maintenance Staff,Lift,24Hr Security","Car Parking,24hr Water Supply,Maintenance Staff,Lift,24Hr Security","Car Parking,24hr Water Supply,Maintenance Staff,Lift,24Hr Security","Car Parking,24hr Water Supply,Maintenance Staff,Lift,24Hr Security","Car Parking,24hr Water Supply,Maintenance Staff,Lift,24Hr Security","School,College,Market","School,College,Market","School,College,Market","School,College,Market","School,College,Market","School,College,Market"
Virar,550,5500000,2 BHK,"Car Parking,Maintenance Staff,Gas Pipeline,Lift,24Hr Security","Railway Station,Market","Car Parking,Maintenance Staff,Gas Pipeline,Lift,24Hr Security","Car Parking,Maintenance Staff,Gas Pipeline,Lift,24Hr Security","Car Parking,Maintenance Staff,Gas Pipeline,Lift,24Hr Security","Car Parking,Maintenance Staff,Gas Pipeline,Lift,24Hr Security","Car Parking,Maintenance Staff,Gas Pipeline,Lift,24Hr Security","Car Parking,Maintenance Staff,Gas Pipeline,Lift,24Hr Security","Car Parking,Maintenance Staff,Gas Pipeline,Lift,24Hr Security","Railway Station,Market","Railway Station,Market","Railway Station,Market","Railway Station,Market","Railway Station,Market","Railway Station,Market"
Khar,550,7000000,1 RK,"Car Parking,Gym","School,College,Hospitals,Medical,Railway Station,Market","Car Parking,Gym","Car Parking,Gym","Car Parking,Gym","Car Parking,Gym","Car Parking,Gym","Car Parking,Gym","Car Parking,Gym","School,College,Hospitals,Medical,Railway Station,Market","School,College,Hospitals,Medical,Railway Station,Market","School,College,Hospitals,Medical,Railway Station,Market","School,College,Hospitals,Medical,Railway Station,Market","School,College,Hospitals,Medical,Railway Station,Market","School,College,Hospitals,Medical,Railway Station,Market"
Dadar,2350,66500000,4 BHK,"Car Parking,24hr Water Supply,Maintenance Staff,Gas Pipeline,Lift,Club house,24Hr Security","School,College,Hospitals,Medical,Railway Station,Market","Car Parking,24hr Water Supply,Maintenance Staff,Gas Pipeline,Lift,Club house,24Hr Security","Car Parking,24hr Water Supply,Maintenance Staff,Gas Pipeline,Lift,Club house,24Hr Security","Car Parking,24hr Water Supply,Maintenance Staff,Gas Pipeline,Lift,Club house,24Hr Security","Car Parking,24hr Water Supply,Maintenance Staff,Gas Pipeline,Lift,Club house,24Hr Security","Car Parking,24hr Water Supply,Maintenance Staff,Gas Pipeline,Lift,Club house,24Hr Security","Car Parking,24hr Water Supply,Maintenance Staff,Gas Pipeline,Lift,Club house,24Hr Security","Car Parking,24hr Water Supply,Maintenance Staff,Gas Pipeline,Lift,Club house,24Hr Security","School,College,Hospitals,Medical,Railway Station,Market","School,College,Hospitals,Medical,Railway Station,Market","School,College,Hospitals,Medical,Railway Station,Market","School,College,Hospitals,Medical,Railway Station,Market","School,College,Hospitals,Medical,Railway Station,Market","School,College,Hospitals,Medical,Railway Station,Market"
Dadar,980,35000000,2 BHK,"Car Parking,24hr Water Supply,Maintenance Staff,Gas Pipeline,Lift,24Hr Security","School,College,Hospitals,Medical,Railway Station,Market","Car Parking,24hr Water Supply,Maintenance Staff,Gas Pipeline,Lift,24Hr Security","Car Parking,24hr Water Supply,Maintenance Staff,Gas Pipeline,Lift,24Hr Security","Car Parking,24hr Water Supply,Maintenance Staff,Gas Pipeline,Lift,24Hr Security","Car Parking,24hr Water Supply,Maintenance Staff,Gas Pipeline,Lift,24Hr Security","Car Parking,24hr Water Supply,Maintenance Staff,Gas Pipeline,Lift,24Hr Security","Car Parking,24hr Water Supply,Maintenance Staff,Gas Pipeline,Lift,24Hr Security","Car Parking,24hr Water Supply,Maintenance Staff,Gas Pipeline,Lift,24Hr Security","School,College,Hospitals,Medical,Railway Station,Market","School,College,Hospitals,Medical,Railway Station,Market","School,College,Hospitals,Medical,Railway Station,Market","School,College,Hospitals,Medical,Railway Station,Market","School,College,Hospitals,Medical,Railway Station,Market","School,College,Hospitals,Medical,Railway Station,Market"
Mahim,300,8000000,1 RK,"Car Parking,Lift","School,College,Hospitals,Medical,Railway Station,Market","Car Parking,Lift","Car Parking,Lift","Car Parking,Lift","Car Parking,Lift","Car Parking,Lift","Car Parking,Lift","Car Parking,Lift","School,College,Hospitals,Medical,Railway Station,Market","School,College,Hospitals,Medical,Railway Station,Market","School,College,Hospitals,Medical,Railway Station,Market","School,College,Hospitals,Medical,Railway Station,Market","School,College,Hospitals,Medical,Railway Station,Market","School,College,Hospitals,Medical,Railway Station,Market"
Vile Parle,2250,65000000,4 BHK,"Car Parking,24hr Water Supply,Maintenance Staff,Lift","College,Hospitals,Medical,Railway Station,Market","Car Parking,24hr Water Supply,Maintenance Staff,Lift","Car Parking,24hr Water Supply,Maintenance Staff,Lift","Car Parking,24hr Water Supply,Maintenance Staff,Lift","Car Parking,24hr Water Supply,Maintenance Staff,Lift","Car Parking,24hr Water Supply,Maintenance Staff,Lift","Car Parking,24hr Water Supply,Maintenance Staff,Lift","Car Parking,24hr Water Supply,Maintenance Staff,Lift","College,Hospitals,Medical,Railway Station,Market","College,Hospitals,Medical,Railway Station,Market","College,Hospitals,Medical,Railway Station,Market","College,Hospitals,Medical,Railway Station,Market","College,Hospitals,Medical,Railway Station,Market","College,Hospitals,Medical,Railway Station,Market"
Vile Parle,760,10000000,1 BHK,"Car Parking,24hr Water Supply,Maintenance Staff,Lift,24Hr Security","College,Hospitals,Medical,Railway Station,Market","Car Parking,24hr Water Supply,Maintenance Staff,Lift,24Hr Security","Car Parking,24hr Water Supply,Maintenance Staff,Lift,24Hr Security","Car Parking,24hr Water Supply,Maintenance Staff,Lift,24Hr Security","Car Parking,24hr Water Supply,Maintenance Staff,Lift,24Hr Security","Car Parking,24hr Water Supply,Maintenance Staff,Lift,24Hr Security","Car Parking,24hr Water Supply,Maintenance Staff,Lift,24Hr Security","Car Parking,24hr Water Supply,Maintenance Staff,Lift,24Hr Security","College,Hospitals,Medical,Railway Station,Market","College,Hospitals,Medical,Railway Station,Market","College,Hospitals,Medical,Railway Station,Market","College,Hospitals,Medical,Railway Station,Market","College,Hospitals,Medical,Railway Station,Market","College,Hospitals,Medical,Railway Station,Market"
Kandivali,1240,25000000,3 BHK,"Car Parking,Maintenance Staff,Gas Pipeline,Lift","Hospitals,Medical,Market","Car Parking,Maintenance Staff,Gas Pipeline,Lift","Car Parking,Maintenance Staff,Gas Pipeline,Lift","Car Parking,Maintenance Staff,Gas Pipeline,Lift","Car Parking,Maintenance Staff,Gas Pipeline,Lift","Car Parking,Maintenance Staff,Gas Pipeline,Lift","Car Parking,Maintenance Staff,Gas Pipeline,Lift","Car Parking,Maintenance Staff,Gas Pipeline,Lift","Hospitals,Medical,Market","Hospitals,Medical,Market","Hospitals,Medical,Market","Hospitals,Medical,Market","Hospitals,Medical,Market","Hospitals,Medical,Market"
Dahisar,790,9000000,2 BHK,"Car Parking,Maintenance Staff,Lift","Hospitals,Medical,Railway Station,Market","Car Parking,Maintenance Staff,Lift","Car Parking,Maintenance Staff,Lift","Car Parking,Maintenance Staff,Lift","Car Parking,Maintenance Staff,Lift","Car Parking,Maintenance Staff,Lift","Car Parking,Maintenance Staff,Lift","Car Parking,Maintenance Staff,Lift","Hospitals,Medical,Railway Station,Market","Hospitals,Medical,Railway Station,Market","Hospitals,Medical,Railway Station,Market","Hospitals,Medical,Railway Station,Market","Hospitals,Medical,Railway Station,Market","Hospitals,Medical,Railway Station,Market"
Goregaon,1400,22000000,3 BHK,"Car Parking,Lift","College,Medical,Market","Car Parking,Lift","Car Parking,Lift","Car Parking,Lift","Car Parking,Lift","Car Parking,Lift","Car Parking,Lift","Car Parking,Lift","College,Medical,Market","College,Medical,Market","College,Medical,Market","College,Medical,Market","College,Medical,Market","College,Medical,Market"
Dahisar,450,5100000,1 RK,"Car Parking,Maintenance Staff,Gas Pipeline,Lift","Hospitals,Medical,Railway Station,Market","Car Parking,Maintenance Staff,Gas Pipeline,Lift","Car Parking,Maintenance Staff,Gas Pipeline,Lift","Car Parking,Maintenance Staff,Gas Pipeline,Lift","Car Parking,Maintenance Staff,Gas Pipeline,Lift","Car Parking,Maintenance Staff,Gas Pipeline,Lift","Car Parking,Maintenance Staff,Gas Pipeline,Lift","Car Parking,Maintenance Staff,Gas Pipeline,Lift","Hospitals,Medical,Railway Station,Market","Hospitals,Medical,Railway Station,Market","Hospitals,Medical,Railway Station,Market","Hospitals,Medical,Railway Station,Market","Hospitals,Medical,Railway Station,Market","Hospitals,Medical,Railway Station,Market"
Nallasopara,850,3000000,3 BHK,"Car Parking,Maintenance Staff,Lift","Railway Station,Market","Car Parking,Maintenance Staff,Lift","Car Parking,Maintenance Staff,Lift","Car Parking,Maintenance Staff,Lift","Car Parking,Maintenance Staff,Lift","Car Parking,Maintenance Staff,Lift","Car Parking,Maintenance Staff,Lift","Car Parking,Maintenance Staff,Lift","Railway Station,Market","Railway Station,Market","Railway Station,Market","Railway Station,Market","Railway Station,Market","Railway Station,Market"
Nallasopara,600,2000000,1 BHK,"Maintenance Staff,Lift","Railway Station,Market","Maintenance Staff,Lift","Maintenance Staff,Lift","Maintenance Staff,Lift","Maintenance Staff,Lift","Maintenance Staff,Lift","Maintenance Staff,Lift","Maintenance Staff,Lift","Railway Station,Market","Railway Station,Market","Railway Station,Market","Railway Station,Market","Railway Station,Market","Railway Station,Market"
Nallasopara,605,2200000,1 BHK,"Car Parking,Gas Pipeline,Lift","Railway Station,Market","Car Parking,Gas Pipeline,Lift","Car Parking,Gas Pipeline,Lift","Car Parking,Gas Pipeline,Lift","Car Parking,Gas Pipeline,Lift","Car Parking,Gas Pipeline,Lift","Car Parking,Gas Pipeline,Lift","Car Parking,Gas Pipeline,Lift","Railway Station,Market","Railway Station,Market","Railway Station,Market","Railway Station,Market","Railway Station,Market","Railway Station,Market"
Khar,950,40000000,2 BHK,"Car Parking,Maintenance Staff,Lift,24Hr Security","Hospitals,Medical,Railway Station,Market","Car Parking,Maintenance Staff,Lift,24Hr Security","Car Parking,Maintenance Staff,Lift,24Hr Security","Car Parking,Maintenance Staff,Lift,24Hr Security","Car Parking,Maintenance Staff,Lift,24Hr Security","Car Parking,Maintenance Staff,Lift,24Hr Security","Car Parking,Maintenance Staff,Lift,24Hr Security","Car Parking,Maintenance Staff,Lift,24Hr Security","Hospitals,Medical,Railway Station,Market","Hospitals,Medical,Railway Station,Market","Hospitals,Medical,Railway Station,Market","Hospitals,Medical,Railway Station,Market","Hospitals,Medical,Railway Station,Market","Hospitals,Medical,Railway Station,Market"
Jogeshwari,750,15000000,2 BHK,"Car Parking,Gas Pipeline","College,Hospitals,Medical,Railway Station,Market","Car Parking,Gas Pipeline","Car Parking,Gas Pipeline","Car Parking,Gas Pipeline","Car Parking,Gas Pipeline","Car Parking,Gas Pipeline","Car Parking,Gas Pipeline","Car Parking,Gas Pipeline","College,Hospitals,Medical,Railway Station,Market","College,Hospitals,Medical,Railway Station,Market","College,Hospitals,Medical,Railway Station,Market","College,Hospitals,Medical,Railway Station,Market","College,Hospitals,Medical,Railway Station,Market","College,Hospitals,Medical,Railway Station,Market"
Jogeshwari,990,32000000,3 BHK,"Car Parking,24hr Water Supply,Gas Pipeline","Hospitals,Medical,Railway Station,Market","Car Parking,24hr Water Supply,Gas Pipeline","Car Parking,24hr Water Supply,Gas Pipeline","Car Parking,24hr Water Supply,Gas Pipeline","Car Parking,24hr Water Supply,Gas Pipeline","Car Parking,24hr Water Supply,Gas Pipeline","Car Parking,24hr Water Supply,Gas Pipeline","Car Parking,24hr Water Supply,Gas Pipeline","Hospitals,Medical,Railway Station,Market","Hospitals,Medical,Railway Station,Market","Hospitals,Medical,Railway Station,Market","Hospitals,Medical,Railway Station,Market","Hospitals,Medical,Railway Station,Market","Hospitals,Medical,Railway Station,Market"
Jogeshwari,1030,20000000,2 BHK,"Car Parking,Maintenance Staff,Gas Pipeline,Lift","Hospitals,Medical,Railway Station,Market","Car Parking,Maintenance Staff,Gas Pipeline,Lift","Car Parking,Maintenance Staff,Gas Pipeline,Lift","Car Parking,Maintenance Staff,Gas Pipeline,Lift","Car Parking,Maintenance Staff,Gas Pipeline,Lift","Car Parking,Maintenance Staff,Gas Pipeline,Lift","Car Parking,Maintenance Staff,Gas Pipeline,Lift","Car Parking,Maintenance Staff,Gas Pipeline,Lift","Hospitals,Medical,Railway Station,Market","Hospitals,Medical,Railway Station,Market","Hospitals,Medical,Railway Station,Market","Hospitals,Medical,Railway Station,Market","Hospitals,Medical,Railway Station,Market","Hospitals,Medical,Railway Station,Market"
Bandra,1305,45000000,2 BHK,"Car Parking,24hr Water Supply,Maintenance Staff,Gas Pipeline,Lift,Club house,24Hr Security,Gym","School,College,Hospitals,Medical,Railway Station,Market","Car Parking,24hr Water Supply,Maintenance Staff,Gas Pipeline,Lift,Club house,24Hr Security,Gym","Car Parking,24hr Water Supply,Maintenance Staff,Gas Pipeline,Lift,Club house,24Hr Security,Gym","Car Parking,24hr Water Supply,Maintenance Staff,Gas Pipeline,Lift,Club house,24Hr Security,Gym","Car Parking,24hr Water Supply,Maintenance Staff,Gas Pipeline,Lift,Club house,24Hr Security,Gym","Car Parking,24hr Water Supply,Maintenance Staff,Gas Pipeline,Lift,Club house,24Hr Security,Gym","Car Parking,24hr Water Supply,Maintenance Staff,Gas Pipeline,Lift,Club house,24Hr Security,Gym","Car Parking,24hr Water Supply,Maintenance Staff,Gas Pipeline,Lift,Club house,24Hr Security,Gym","School,College,Hospitals,Medical,Railway Station,Market","School,College,Hospitals,Medical,Railway Station,Market","School,College,Hospitals,Medical,Railway Station,Market","School,College,Hospitals,Medical,Railway Station,Market","School,College,Hospitals,Medical,Railway Station,Market","School,College,Hospitals,Medical,Railway Station,Market"
Bandra,550,25000000,1 BHK,"Gas Pipeline,Lift","School,College,Medical,Railway Station,Market","Gas Pipeline,Lift","Gas Pipeline,Lift","Gas Pipeline,Lift","Gas Pipeline,Lift","Gas Pipeline,Lift","Gas Pipeline,Lift","Gas Pipeline,Lift","School,College,Medical,Railway Station,Market","School,College,Medical,Railway Station,Market","School,College,Medical,Railway Station,Market","School,College,Medical,Railway Station,Market","School,College,Medical,Railway Station,Market","School,College,Medical,Railway Station,Market"
Dadar,1240,37500000,2 BHK,"Car Parking,Lift,Club house,24Hr Security,Gym","School,College,Hospitals,Medical,Railway Station,Market","Car Parking,Lift,Club house,24Hr Security,Gym","Car Parking,Lift,Club house,24Hr Security,Gym","Car Parking,Lift,Club house,24Hr Security,Gym","Car Parking,Lift,Club house,24Hr Security,Gym","Car Parking,Lift,Club house,24Hr Security,Gym","Car Parking,Lift,Club house,24Hr Security,Gym","Car Parking,Lift,Club house,24Hr Security,Gym","School,College,Hospitals,Medical,Railway Station,Market","School,College,Hospitals,Medical,Railway Station,Market","School,College,Hospitals,Medical,Railway Station,Market","School,College,Hospitals,Medical,Railway Station,Market","School,College,Hospitals,Medical,Railway Station,Market","School,College,Hospitals,Medical,Railway Station,Market"
Dadar,980,32000000,2 BHK,"Car Parking,24hr Water Supply,Lift,24Hr Security","School,College,Hospitals,Medical,Railway Station,Market","Car Parking,24hr Water Supply,Lift,24Hr Security","Car Parking,24hr Water Supply,Lift,24Hr Security","Car Parking,24hr Water Supply,Lift,24Hr Security","Car Parking,24hr Water Supply,Lift,24Hr Security","Car Parking,24hr Water Supply,Lift,24Hr Security","Car Parking,24hr Water Supply,Lift,24Hr Security","Car Parking,24hr Water Supply,Lift,24Hr Security","School,College,Hospitals,Medical,Railway Station,Market","School,College,Hospitals,Medical,Railway Station,Market","School,College,Hospitals,Medical,Railway Station,Market","School,College,Hospitals,Medical,Railway Station,Market","School,College,Hospitals,Medical,Railway Station,Market","School,College,Hospitals,Medical,Railway Station,Market"
Lower Parel,1040,42500000,1 BHK,"24hr Water Supply,Gas Pipeline,Lift,Club house,Gym","College,Medical,Railway Station","24hr Water Supply,Gas Pipeline,Lift,Club house,Gym","24hr Water Supply,Gas Pipeline,Lift,Club house,Gym","24hr Water Supply,Gas Pipeline,Lift,Club house,Gym","24hr Water Supply,Gas Pipeline,Lift,Club house,Gym","24hr Water Supply,Gas Pipeline,Lift,Club house,Gym","24hr Water Supply,Gas Pipeline,Lift,Club house,Gym","24hr Water Supply,Gas Pipeline,Lift,Club house,Gym","College,Medical,Railway Station","College,Medical,Railway Station","College,Medical,Railway Station","College,Medical,Railway Station","College,Medical,Railway Station","College,Medical,Railway Station"
Lower Parel,1168,47500000,2 BHK,None of the above,"Hospitals,Medical,Railway Station",None of the above,None of the above,None of the above,None of the above,None of the above,None of the above,None of the above,"Hospitals,Medical,Railway Station","Hospitals,Medical,Railway Station","Hospitals,Medical,Railway Station","Hospitals,Medical,Railway Station","Hospitals,Medical,Railway Station","Hospitals,Medical,Railway Station"
Mahim,815,40000000,2 BHK,"24hr Water Supply,Lift,Club house,24Hr Security,Gym","School,College,Hospitals,Medical,Railway Station,Market","24hr Water Supply,Lift,Club house,24Hr Security,Gym","24hr Water Supply,Lift,Club house,24Hr Security,Gym","24hr Water Supply,Lift,Club house,24Hr Security,Gym","24hr Water Supply,Lift,Club house,24Hr Security,Gym","24hr Water Supply,Lift,Club house,24Hr Security,Gym","24hr Water Supply,Lift,Club house,24Hr Security,Gym","24hr Water Supply,Lift,Club house,24Hr Security,Gym","School,College,Hospitals,Medical,Railway Station,Market","School,College,Hospitals,Medical,Railway Station,Market","School,College,Hospitals,Medical,Railway Station,Market","School,College,Hospitals,Medical,Railway Station,Market","School,College,Hospitals,Medical,Railway Station,Market","School,College,Hospitals,Medical,Railway Station,Market"
Mahim,650,26500000,1 BHK,"Car Parking,Gas Pipeline,Lift","School,College,Hospitals,Medical,Railway Station,Market","Car Parking,Gas Pipeline,Lift","Car Parking,Gas Pipeline,Lift","Car Parking,Gas Pipeline,Lift","Car Parking,Gas Pipeline,Lift","Car Parking,Gas Pipeline,Lift","Car Parking,Gas Pipeline,Lift","Car Parking,Gas Pipeline,Lift","School,College,Hospitals,Medical,Railway Station,Market","School,College,Hospitals,Medical,Railway Station,Market","School,College,Hospitals,Medical,Railway Station,Market","School,College,Hospitals,Medical,Railway Station,Market","School,College,Hospitals,Medical,Railway Station,Market","School,College,Hospitals,Medical,Railway Station,Market"
Matunga Road,777,30000000,2 BHK,"24hr Water Supply,Gas Pipeline,Lift,Gym","Medical,Market","24hr Water Supply,Gas Pipeline,Lift,Gym","24hr Water Supply,Gas Pipeline,Lift,Gym","24hr Water Supply,Gas Pipeline,Lift,Gym","24hr Water Supply,Gas Pipeline,Lift,Gym","24hr Water Supply,Gas Pipeline,Lift,Gym","24hr Water Supply,Gas Pipeline,Lift,Gym","24hr Water Supply,Gas Pipeline,Lift,Gym","Medical,Market","Medical,Market","Medical,Market","Medical,Market","Medical,Market","Medical,Market"
Mahalaxmi,550,12000000,1 BHK,"Gas Pipeline,Lift","Medical,Market","Gas Pipeline,Lift","Gas Pipeline,Lift","Gas Pipeline,Lift","Gas Pipeline,Lift","Gas Pipeline,Lift","Gas Pipeline,Lift","Gas Pipeline,Lift","Medical,Market","Medical,Market","Medical,Market","Medical,Market","Medical,Market","Medical,Market"
Mahalaxmi,946,50000000,2 BHK,"Car Parking,24hr Water Supply,Maintenance Staff,Lift,24Hr Security,Gym","School,Hospitals,Medical,Railway Station,Market","Car Parking,24hr Water Supply,Maintenance Staff,Lift,24Hr Security,Gym","Car Parking,24hr Water Supply,Maintenance Staff,Lift,24Hr Security,Gym","Car Parking,24hr Water Supply,Maintenance Staff,Lift,24Hr Security,Gym","Car Parking,24hr Water Supply,Maintenance Staff,Lift,24Hr Security,Gym","Car Parking,24hr Water Supply,Maintenance Staff,Lift,24Hr Security,Gym","Car Parking,24hr Water Supply,Maintenance Staff,Lift,24Hr Security,Gym","Car Parking,24hr Water Supply,Maintenance Staff,Lift,24Hr Security,Gym","School,Hospitals,Medical,Railway Station,Market","School,Hospitals,Medical,Railway Station,Market","School,Hospitals,Medical,Railway Station,Market","School,Hospitals,Medical,Railway Station,Market","School,Hospitals,Medical,Railway Station,Market","School,Hospitals,Medical,Railway Station,Market"
Mahalaxmi,2394,66500000,3 BHK,"Car Parking,24hr Water Supply,Lift,Club house,24Hr Security,Gym","School,College,Hospitals,Medical,Railway Station,Market","Car Parking,24hr Water Supply,Lift,Club house,24Hr Security,Gym","Car Parking,24hr Water Supply,Lift,Club house,24Hr Security,Gym","Car Parking,24hr Water Supply,Lift,Club house,24Hr Security,Gym","Car Parking,24hr Water Supply,Lift,Club house,24Hr Security,Gym","Car Parking,24hr Water Supply,Lift,Club house,24Hr Security,Gym","Car Parking,24hr Water Supply,Lift,Club house,24Hr Security,Gym","Car Parking,24hr Water Supply,Lift,Club house,24Hr Security,Gym","School,College,Hospitals,Medical,Railway Station,Market","School,College,Hospitals,Medical,Railway Station,Market","School,College,Hospitals,Medical,Railway Station,Market","School,College,Hospitals,Medical,Railway Station,Market","School,College,Hospitals,Medical,Railway Station,Market","School,College,Hospitals,Medical,Railway Station,Market"
Matunga Road,610,10000000,1 BHK,Lift,Market,Lift,Lift,Lift,Lift,Lift,Lift,Lift,Market,Market,Market,Market,Market,Market
Mumbai Central,1115,5000000,2 BHK,"Car Parking,Maintenance Staff,Gym","Medical,Railway Station","Car Parking,Maintenance Staff,Gym","Car Parking,Maintenance Staff,Gym","Car Parking,Maintenance Staff,Gym","Car Parking,Maintenance Staff,Gym","Car Parking,Maintenance Staff,Gym","Car Parking,Maintenance Staff,Gym","Car Parking,Maintenance Staff,Gym","Medical,Railway Station","Medical,Railway Station","Medical,Railway Station","Medical,Railway Station","Medical,Railway Station","Medical,Railway Station"
Mumbai Central,530,3000000,1 BHK,"Car Parking,Maintenance Staff,Lift,24Hr Security,Gym","School,Market","Car Parking,Maintenance Staff,Lift,24Hr Security,Gym","Car Parking,Maintenance Staff,Lift,24Hr Security,Gym","Car Parking,Maintenance Staff,Lift,24Hr Security,Gym","Car Parking,Maintenance Staff,Lift,24Hr Security,Gym","Car Parking,Maintenance Staff,Lift,24Hr Security,Gym","Car Parking,Maintenance Staff,Lift,24Hr Security,Gym","Car Parking,Maintenance Staff,Lift,24Hr Security,Gym","School,Market","School,Market","School,Market","School,Market","School,Market","School,Market"
Prabhadevi,1717,43000000,3 BHK,Gym,"School,College,Medical",Gym,Gym,Gym,Gym,Gym,Gym,Gym,"School,College,Medical","School,College,Medical","School,College,Medical","School,College,Medical","School,College,Medical","School,College,Medical"
Prabhadevi,310,10000000,1 BHK,"Car Parking,24hr Water Supply,Maintenance Staff,Lift,24Hr Security","School,College,Hospitals,Medical","Car Parking,24hr Water Supply,Maintenance Staff,Lift,24Hr Security","Car Parking,24hr Water Supply,Maintenance Staff,Lift,24Hr Security","Car Parking,24hr Water Supply,Maintenance Staff,Lift,24Hr Security","Car Parking,24hr Water Supply,Maintenance Staff,Lift,24Hr Security","Car Parking,24hr Water Supply,Maintenance Staff,Lift,24Hr Security","Car Parking,24hr Water Supply,Maintenance Staff,Lift,24Hr Security","Car Parking,24hr Water Supply,Maintenance Staff,Lift,24Hr Security","School,College,Hospitals,Medical","School,College,Hospitals,Medical","School,College,Hospitals,Medical","School,College,Hospitals,Medical","School,College,Hospitals,Medical","School,College,Hospitals,Medical"
Prabhadevi,1650,40000000,3 BHK,"24hr Water Supply,Lift,Gym","School,Hospitals,Medical,Market","24hr Water Supply,Lift,Gym","24hr Water Supply,Lift,Gym","24hr Water Supply,Lift,Gym","24hr Water Supply,Lift,Gym","24hr Water Supply,Lift,Gym","24hr Water Supply,Lift,Gym","24hr Water Supply,Lift,Gym","School,Hospitals,Medical,Market","School,Hospitals,Medical,Market","School,Hospitals,Medical,Market","School,Hospitals,Medical,Market","School,Hospitals,Medical,Market","School,Hospitals,Medical,Market"
Grant Road,1800,51000000,3 BHK,"Car Parking,24hr Water Supply,Maintenance Staff,Lift","Medical,Market","Car Parking,24hr Water Supply,Maintenance Staff,Lift","Car Parking,24hr Water Supply,Maintenance Staff,Lift","Car Parking,24hr Water Supply,Maintenance Staff,Lift","Car Parking,24hr Water Supply,Maintenance Staff,Lift","Car Parking,24hr Water Supply,Maintenance Staff,Lift","Car Parking,24hr Water Supply,Maintenance Staff,Lift","Car Parking,24hr Water Supply,Maintenance Staff,Lift","Medical,Market","Medical,Market","Medical,Market","Medical,Market","Medical,Market","Medical,Market"
Borivali,700,8000000,1 BHK,"Car Parking,Maintenance Staff,Lift","Railway Station,Market","Car Parking,Maintenance Staff,Lift","Car Parking,Maintenance Staff,Lift","Car Parking,Maintenance Staff,Lift","Car Parking,Maintenance Staff,Lift","Car Parking,Maintenance Staff,Lift","Car Parking,Maintenance Staff,Lift","Car Parking,Maintenance Staff,Lift","Railway Station,Market","Railway Station,Market","Railway Station,Market","Railway Station,Market","Railway Station,Market","Railway Station,Market"
Goregaon,2030,37500000,3 BHK,"Car Parking,Maintenance Staff,Gas Pipeline,Lift","Medical,Railway Station,Market","Car Parking,Maintenance Staff,Gas Pipeline,Lift","Car Parking,Maintenance Staff,Gas Pipeline,Lift","Car Parking,Maintenance Staff,Gas Pipeline,Lift","Car Parking,Maintenance Staff,Gas Pipeline,Lift","Car Parking,Maintenance Staff,Gas Pipeline,Lift","Car Parking,Maintenance Staff,Gas Pipeline,Lift","Car Parking,Maintenance Staff,Gas Pipeline,Lift","Medical,Railway Station,Market","Medical,Railway Station,Market","Medical,Railway Station,Market","Medical,Railway Station,Market","Medical,Railway Station,Market","Medical,Railway Station,Market"
Borivali,1670,24500000,3 BHK,"Car Parking,Maintenance Staff,Gas Pipeline,Lift","Hospitals,Medical,Railway Station,Market","Car Parking,Maintenance Staff,Gas Pipeline,Lift","Car Parking,Maintenance Staff,Gas Pipeline,Lift","Car Parking,Maintenance Staff,Gas Pipeline,Lift","Car Parking,Maintenance Staff,Gas Pipeline,Lift","Car Parking,Maintenance Staff,Gas Pipeline,Lift","Car Parking,Maintenance Staff,Gas Pipeline,Lift","Car Parking,Maintenance Staff,Gas Pipeline,Lift","Hospitals,Medical,Railway Station,Market","Hospitals,Medical,Railway Station,Market","Hospitals,Medical,Railway Station,Market","Hospitals,Medical,Railway Station,Market","Hospitals,Medical,Railway Station,Market","Hospitals,Medical,Railway Station,Market"
Virar,600,8900000,1 BHK,"Car Parking,Lift","Hospitals,Medical,Railway Station,Market","Car Parking,Lift","Car Parking,Lift","Car Parking,Lift","Car Parking,Lift","Car Parking,Lift","Car Parking,Lift","Car Parking,Lift","Hospitals,Medical,Railway Station,Market","Hospitals,Medical,Railway Station,Market","Hospitals,Medical,Railway Station,Market","Hospitals,Medical,Railway Station,Market","Hospitals,Medical,Railway Station,Market","Hospitals,Medical,Railway Station,Market"
Nallasopara,570,2700000,1 BHK,Lift,"Railway Station,Market",Lift,Lift,Lift,Lift,Lift,Lift,Lift,"Railway Station,Market","Railway Station,Market","Railway Station,Market","Railway Station,Market","Railway Station,Market","Railway Station,Market"
Malad,630,11500000,1 BHK,"Car Parking,Gas Pipeline,Lift","Hospitals,Medical,Railway Station,Market","Car Parking,Gas Pipeline,Lift","Car Parking,Gas Pipeline,Lift","Car Parking,Gas Pipeline,Lift","Car Parking,Gas Pipeline,Lift","Car Parking,Gas Pipeline,Lift","Car Parking,Gas Pipeline,Lift","Car Parking,Gas Pipeline,Lift","Hospitals,Medical,Railway Station,Market","Hospitals,Medical,Railway Station,Market","Hospitals,Medical,Railway Station,Market","Hospitals,Medical,Railway Station,Market","Hospitals,Medical,Railway Station,Market","Hospitals,Medical,Railway Station,Market"
Goregaon,1485,28500000,3 BHK,"Car Parking,Gas Pipeline,Lift","Hospitals,Medical,Railway Station,Market","Car Parking,Gas Pipeline,Lift","Car Parking,Gas Pipeline,Lift","Car Parking,Gas Pipeline,Lift","Car Parking,Gas Pipeline,Lift","Car Parking,Gas Pipeline,Lift","Car Parking,Gas Pipeline,Lift","Car Parking,Gas Pipeline,Lift","Hospitals,Medical,Railway Station,Market","Hospitals,Medical,Railway Station,Market","Hospitals,Medical,Railway Station,Market","Hospitals,Medical,Railway Station,Market","Hospitals,Medical,Railway Station,Market","Hospitals,Medical,Railway Station,Market"
Nallasopara,580,2700000,1 BHK,"Gas Pipeline,Lift","Railway Station,Market","Gas Pipeline,Lift","Gas Pipeline,Lift","Gas Pipeline,Lift","Gas Pipeline,Lift","Gas Pipeline,Lift","Gas Pipeline,Lift","Gas Pipeline,Lift","Railway Station,Market","Railway Station,Market","Railway Station,Market","Railway Station,Market","Railway Station,Market","Railway Station,Market"
Kandivali,1614,22000000,3 BHK,"Car Parking,Maintenance Staff,Gas Pipeline,Lift","Railway Station,Market","Car Parking,Maintenance Staff,Gas Pipeline,Lift","Car Parking,Maintenance Staff,Gas Pipeline,Lift","Car Parking,Maintenance Staff,Gas Pipeline,Lift","Car Parking,Maintenance Staff,Gas Pipeline,Lift","Car Parking,Maintenance Staff,Gas Pipeline,Lift","Car Parking,Maintenance Staff,Gas Pipeline,Lift","Car Parking,Maintenance Staff,Gas Pipeline,Lift","Railway Station,Market","Railway Station,Market","Railway Station,Market","Railway Station,Market","Railway Station,Market","Railway Station,Market"
Jogeshwari,997,32500000,3 BHK,"Car Parking,Gas Pipeline,Lift","Hospitals,Medical,Railway Station,Market","Car Parking,Gas Pipeline,Lift","Car Parking,Gas Pipeline,Lift","Car Parking,Gas Pipeline,Lift","Car Parking,Gas Pipeline,Lift","Car Parking,Gas Pipeline,Lift","Car Parking,Gas Pipeline,Lift","Car Parking,Gas Pipeline,Lift","Hospitals,Medical,Railway Station,Market","Hospitals,Medical,Railway Station,Market","Hospitals,Medical,Railway Station,Market","Hospitals,Medical,Railway Station,Market","Hospitals,Medical,Railway Station,Market","Hospitals,Medical,Railway Station,Market"
Andheri,1260,20000000,2 BHK,"Car Parking,Maintenance Staff,Lift","Railway Station,Market","Car Parking,Maintenance Staff,Lift","Car Parking,Maintenance Staff,Lift","Car Parking,Maintenance Staff,Lift","Car Parking,Maintenance Staff,Lift","Car Parking,Maintenance Staff,Lift","Car Parking,Maintenance Staff,Lift","Car Parking,Maintenance Staff,Lift","Railway Station,Market","Railway Station,Market","Railway Station,Market","Railway Station,Market","Railway Station,Market","Railway Station,Market"
Andheri,2016,33400000,3 BHK,"Car Parking,Gas Pipeline,Lift","Hospitals,Medical,Railway Station,Market","Car Parking,Gas Pipeline,Lift","Car Parking,Gas Pipeline,Lift","Car Parking,Gas Pipeline,Lift","Car Parking,Gas Pipeline,Lift","Car Parking,Gas Pipeline,Lift","Car Parking,Gas Pipeline,Lift","Car Parking,Gas Pipeline,Lift","Hospitals,Medical,Railway Station,Market","Hospitals,Medical,Railway Station,Market","Hospitals,Medical,Railway Station,Market","Hospitals,Medical,Railway Station,Market","Hospitals,Medical,Railway Station,Market","Hospitals,Medical,Railway Station,Market"
Dahisar,566,6500000,1 BHK,"Gas Pipeline,Lift","Railway Station,Market","Gas Pipeline,Lift","Gas Pipeline,Lift","Gas Pipeline,Lift","Gas Pipeline,Lift","Gas Pipeline,Lift","Gas Pipeline,Lift","Gas Pipeline,Lift","Railway Station,Market","Railway Station,Market","Railway Station,Market","Railway Station,Market","Railway Station,Market","Railway Station,Market"
Vile Parle,2250,65000000,4 BHK,"Car Parking,Maintenance Staff,Gas Pipeline,Lift,24Hr Security","School,College,Hospitals,Medical,Railway Station,Market","Car Parking,Maintenance Staff,Gas Pipeline,Lift,24Hr Security","Car Parking,Maintenance Staff,Gas Pipeline,Lift,24Hr Security","Car Parking,Maintenance Staff,Gas Pipeline,Lift,24Hr Security","Car Parking,Maintenance Staff,Gas Pipeline,Lift,24Hr Security","Car Parking,Maintenance Staff,Gas Pipeline,Lift,24Hr Security","Car Parking,Maintenance Staff,Gas Pipeline,Lift,24Hr Security","Car Parking,Maintenance Staff,Gas Pipeline,Lift,24Hr Security","School,College,Hospitals,Medical,Railway Station,Market","School,College,Hospitals,Medical,Railway Station,Market","School,College,Hospitals,Medical,Railway Station,Market","School,College,Hospitals,Medical,Railway Station,Market","School,College,Hospitals,Medical,Railway Station,Market","School,College,Hospitals,Medical,Railway Station,Market"
Santacruz,1780,55000000,3 BHK,"Car Parking,24hr Water Supply,Maintenance Staff,Gas Pipeline,Lift,24Hr Security","School,College,Hospitals,Medical,Railway Station,Market","Car Parking,24hr Water Supply,Maintenance Staff,Gas Pipeline,Lift,24Hr Security","Car Parking,24hr Water Supply,Maintenance Staff,Gas Pipeline,Lift,24Hr Security","Car Parking,24hr Water Supply,Maintenance Staff,Gas Pipeline,Lift,24Hr Security","Car Parking,24hr Water Supply,Maintenance Staff,Gas Pipeline,Lift,24Hr Security","Car Parking,24hr Water Supply,Maintenance Staff,Gas Pipeline,Lift,24Hr Security","Car Parking,24hr Water Supply,Maintenance Staff,Gas Pipeline,Lift,24Hr Security","Car Parking,24hr Water Supply,Maintenance Staff,Gas Pipeline,Lift,24Hr Security","School,College,Hospitals,Medical,Railway Station,Market","School,College,Hospitals,Medical,Railway Station,Market","School,College,Hospitals,Medical,Railway Station,Market","School,College,Hospitals,Medical,Railway Station,Market","School,College,Hospitals,Medical,Railway Station,Market","School,College,Hospitals,Medical,Railway Station,Market"
Marine Lines,1318,70000000,3 BHK,"Car Parking,Maintenance Staff,Lift,24Hr Security","Medical,Railway Station,Market","Car Parking,Maintenance Staff,Lift,24Hr Security","Car Parking,Maintenance Staff,Lift,24Hr Security","Car Parking,Maintenance Staff,Lift,24Hr Security","Car Parking,Maintenance Staff,Lift,24Hr Security","Car Parking,Maintenance Staff,Lift,24Hr Security","Car Parking,Maintenance Staff,Lift,24Hr Security","Car Parking,Maintenance Staff,Lift,24Hr Security","Medical,Railway Station,Market","Medical,Railway Station,Market","Medical,Railway Station,Market","Medical,Railway Station,Market","Medical,Railway Station,Market","Medical,Railway Station,Market"
Mahim,815,47800000,2 BHK,"Car Parking,Maintenance Staff,Gas Pipeline,Lift,24Hr Security","Hospitals,Medical,Railway Station,Market","Car Parking,Maintenance Staff,Gas Pipeline,Lift,24Hr Security","Car Parking,Maintenance Staff,Gas Pipeline,Lift,24Hr Security","Car Parking,Maintenance Staff,Gas Pipeline,Lift,24Hr Security","Car Parking,Maintenance Staff,Gas Pipeline,Lift,24Hr Security","Car Parking,Maintenance Staff,Gas Pipeline,Lift,24Hr Security","Car Parking,Maintenance Staff,Gas Pipeline,Lift,24Hr Security","Car Parking,Maintenance Staff,Gas Pipeline,Lift,24Hr Security","Hospitals,Medical,Railway Station,Market","Hospitals,Medical,Railway Station,Market","Hospitals,Medical,Railway Station,Market","Hospitals,Medical,Railway Station,Market","Hospitals,Medical,Railway Station,Market","Hospitals,Medical,Railway Station,Market"
Bandra,425,2300000,1 BHK,None of the above,"Hospitals,Medical,Railway Station,Market",None of the above,None of the above,None of the above,None of the above,None of the above,None of the above,None of the above,"Hospitals,Medical,Railway Station,Market","Hospitals,Medical,Railway Station,Market","Hospitals,Medical,Railway Station,Market","Hospitals,Medical,Railway Station,Market","Hospitals,Medical,Railway Station,Market","Hospitals,Medical,Railway Station,Market"
Matunga Road,675,25000000,1 BHK,"Car Parking,Lift","Hospitals,Medical,Railway Station,Market","Car Parking,Lift","Car Parking,Lift","Car Parking,Lift","Car Parking,Lift","Car Parking,Lift","Car Parking,Lift","Car Parking,Lift","Hospitals,Medical,Railway Station,Market","Hospitals,Medical,Railway Station,Market","Hospitals,Medical,Railway Station,Market","Hospitals,Medical,Railway Station,Market","Hospitals,Medical,Railway Station,Market","Hospitals,Medical,Railway Station,Market"
Matunga Road,1170,51500000,3 BHK,"Car Parking,24hr Water Supply,Maintenance Staff,Gas Pipeline,Lift","Hospitals,Medical,Railway Station,Market","Car Parking,24hr Water Supply,Maintenance Staff,Gas Pipeline,Lift","Car Parking,24hr Water Supply,Maintenance Staff,Gas Pipeline,Lift","Car Parking,24hr Water Supply,Maintenance Staff,Gas Pipeline,Lift","Car Parking,24hr Water Supply,Maintenance Staff,Gas Pipeline,Lift","Car Parking,24hr Water Supply,Maintenance Staff,Gas Pipeline,Lift","Car Parking,24hr Water Supply,Maintenance Staff,Gas Pipeline,Lift","Car Parking,24hr Water Supply,Maintenance Staff,Gas Pipeline,Lift","Hospitals,Medical,Railway Station,Market","Hospitals,Medical,Railway Station,Market","Hospitals,Medical,Railway Station,Market","Hospitals,Medical,Railway Station,Market","Hospitals,Medical,Railway Station,Market","Hospitals,Medical,Railway Station,Market"
Prabhadevi,1650,47500000,3 BHK,"Car Parking,24hr Water Supply,Maintenance Staff,Gas Pipeline,Lift","College,Hospitals,Medical,Railway Station,Market","Car Parking,24hr Water Supply,Maintenance Staff,Gas Pipeline,Lift","Car Parking,24hr Water Supply,Maintenance Staff,Gas Pipeline,Lift","Car Parking,24hr Water Supply,Maintenance Staff,Gas Pipeline,Lift","Car Parking,24hr Water Supply,Maintenance Staff,Gas Pipeline,Lift","Car Parking,24hr Water Supply,Maintenance Staff,Gas Pipeline,Lift","Car Parking,24hr Water Supply,Maintenance Staff,Gas Pipeline,Lift","Car Parking,24hr Water Supply,Maintenance Staff,Gas Pipeline,Lift","College,Hospitals,Medical,Railway Station,Market","College,Hospitals,Medical,Railway Station,Market","College,Hospitals,Medical,Railway Station,Market","College,Hospitals,Medical,Railway Station,Market","College,Hospitals,Medical,Railway Station,Market","College,Hospitals,Medical,Railway Station,Market"
Santacruz,350,4200000,1 BHK,"Car Parking,Maintenance Staff,Lift,Club house,24Hr Security,Gym","School,College,Medical,Railway Station,Market","Car Parking,Maintenance Staff,Lift,Club house,24Hr Security,Gym","Car Parking,Maintenance Staff,Lift,Club house,24Hr Security,Gym","Car Parking,Maintenance Staff,Lift,Club house,24Hr Security,Gym","Car Parking,Maintenance Staff,Lift,Club house,24Hr Security,Gym","Car Parking,Maintenance Staff,Lift,Club house,24Hr Security,Gym","Car Parking,Maintenance Staff,Lift,Club house,24Hr Security,Gym","Car Parking,Maintenance Staff,Lift,Club house,24Hr Security,Gym","School,College,Medical,Railway Station,Market","School,College,Medical,Railway Station,Market","School,College,Medical,Railway Station,Market","School,College,Medical,Railway Station,Market","School,College,Medical,Railway Station,Market","School,College,Medical,Railway Station,Market"
Bandra,550,20000000,1 BHK,"24hr Water Supply,Gas Pipeline,Lift","School,College,Medical,Railway Station,Market","24hr Water Supply,Gas Pipeline,Lift","24hr Water Supply,Gas Pipeline,Lift","24hr Water Supply,Gas Pipeline,Lift","24hr Water Supply,Gas Pipeline,Lift","24hr Water Supply,Gas Pipeline,Lift","24hr Water Supply,Gas Pipeline,Lift","24hr Water Supply,Gas Pipeline,Lift","School,College,Medical,Railway Station,Market","School,College,Medical,Railway Station,Market","School,College,Medical,Railway Station,Market","School,College,Medical,Railway Station,Market","School,College,Medical,Railway Station,Market","School,College,Medical,Railway Station,Market"
Bandra,750,25700000,2 BHK,"Car Parking,Lift","School,College,Medical,Railway Station,Market","Car Parking,Lift","Car Parking,Lift","Car Parking,Lift","Car Parking,Lift","Car Parking,Lift","Car Parking,Lift","Car Parking,Lift","School,College,Medical,Railway Station,Market","School,College,Medical,Railway Station,Market","School,College,Medical,Railway Station,Market","School,College,Medical,Railway Station,Market","School,College,Medical,Railway Station,Market","School,College,Medical,Railway Station,Market"
Santacruz,950,20000000,2 BHK,"Car Parking,24hr Water Supply,Maintenance Staff,Gas Pipeline,Lift,Club house,24Hr Security,Gym","School,College,Medical,Railway Station,Market","Car Parking,24hr Water Supply,Maintenance Staff,Gas Pipeline,Lift,Club house,24Hr Security,Gym","Car Parking,24hr Water Supply,Maintenance Staff,Gas Pipeline,Lift,Club house,24Hr Security,Gym","Car Parking,24hr Water Supply,Maintenance Staff,Gas Pipeline,Lift,Club house,24Hr Security,Gym","Car Parking,24hr Water Supply,Maintenance Staff,Gas Pipeline,Lift,Club house,24Hr Security,Gym","Car Parking,24hr Water Supply,Maintenance Staff,Gas Pipeline,Lift,Club house,24Hr Security,Gym","Car Parking,24hr Water Supply,Maintenance Staff,Gas Pipeline,Lift,Club house,24Hr Security,Gym","Car Parking,24hr Water Supply,Maintenance Staff,Gas Pipeline,Lift,Club house,24Hr Security,Gym","School,College,Medical,Railway Station,Market","School,College,Medical,Railway Station,Market","School,College,Medical,Railway Station,Market","School,College,Medical,Railway Station,Market","School,College,Medical,Railway Station,Market","School,College,Medical,Railway Station,Market"
Bandra,850,25000000,2 BHK,"Car Parking,24hr Water Supply,Gas Pipeline,Lift,24Hr Security","Hospitals,Medical,Railway Station,Market","Car Parking,24hr Water Supply,Gas Pipeline,Lift,24Hr Security","Car Parking,24hr Water Supply,Gas Pipeline,Lift,24Hr Security","Car Parking,24hr Water Supply,Gas Pipeline,Lift,24Hr Security","Car Parking,24hr Water Supply,Gas Pipeline,Lift,24Hr Security","Car Parking,24hr Water Supply,Gas Pipeline,Lift,24Hr Security","Car Parking,24hr Water Supply,Gas Pipeline,Lift,24Hr Security","Car Parking,24hr Water Supply,Gas Pipeline,Lift,24Hr Security","Hospitals,Medical,Railway Station,Market","Hospitals,Medical,Railway Station,Market","Hospitals,Medical,Railway Station,Market","Hospitals,Medical,Railway Station,Market","Hospitals,Medical,Railway Station,Market","Hospitals,Medical,Railway Station,Market"
Bandra,833,52600000,2 BHK,"24hr Water Supply,Lift,Club house,24Hr Security,Gym","School,College,Hospitals,Medical,Railway Station,Market","24hr Water Supply,Lift,Club house,24Hr Security,Gym","24hr Water Supply,Lift,Club house,24Hr Security,Gym","24hr Water Supply,Lift,Club house,24Hr Security,Gym","24hr Water Supply,Lift,Club house,24Hr Security,Gym","24hr Water Supply,Lift,Club house,24Hr Security,Gym","24hr Water Supply,Lift,Club house,24Hr Security,Gym","24hr Water Supply,Lift,Club house,24Hr Security,Gym","School,College,Hospitals,Medical,Railway Station,Market","School,College,Hospitals,Medical,Railway Station,Market","School,College,Hospitals,Medical,Railway Station,Market","School,College,Hospitals,Medical,Railway Station,Market","School,College,Hospitals,Medical,Railway Station,Market","School,College,Hospitals,Medical,Railway Station,Market"
Santacruz,350,4800000,1 BHK,"24hr Water Supply,Gas Pipeline,Lift","Medical,Railway Station,Market","24hr Water Supply,Gas Pipeline,Lift","24hr Water Supply,Gas Pipeline,Lift","24hr Water Supply,Gas Pipeline,Lift","24hr Water Supply,Gas Pipeline,Lift","24hr Water Supply,Gas Pipeline,Lift","24hr Water Supply,Gas Pipeline,Lift","24hr Water Supply,Gas Pipeline,Lift","Medical,Railway Station,Market","Medical,Railway Station,Market","Medical,Railway Station,Market","Medical,Railway Station,Market","Medical,Railway Station,Market","Medical,Railway Station,Market"
Santacruz,550,13000000,1 BHK,"24hr Water Supply,Gas Pipeline,Lift","Medical,Railway Station,Market","24hr Water Supply,Gas Pipeline,Lift","24hr Water Supply,Gas Pipeline,Lift","24hr Water Supply,Gas Pipeline,Lift","24hr Water Supply,Gas Pipeline,Lift","24hr Water Supply,Gas Pipeline,Lift","24hr Water Supply,Gas Pipeline,Lift","24hr Water Supply,Gas Pipeline,Lift","Medical,Railway Station,Market","Medical,Railway Station,Market","Medical,Railway Station,Market","Medical,Railway Station,Market","Medical,Railway Station,Market","Medical,Railway Station,Market"
Bandra,1000,35000000,2 BHK,"Car Parking,24hr Water Supply,Gas Pipeline,Lift,24Hr Security","School,College,Hospitals,Medical,Railway Station,Market","Car Parking,24hr Water Supply,Gas Pipeline,Lift,24Hr Security","Car Parking,24hr Water Supply,Gas Pipeline,Lift,24Hr Security","Car Parking,24hr Water Supply,Gas Pipeline,Lift,24Hr Security","Car Parking,24hr Water Supply,Gas Pipeline,Lift,24Hr Security","Car Parking,24hr Water Supply,Gas Pipeline,Lift,24Hr Security","Car Parking,24hr Water Supply,Gas Pipeline,Lift,24Hr Security","Car Parking,24hr Water Supply,Gas Pipeline,Lift,24Hr Security","School,College,Hospitals,Medical,Railway Station,Market","School,College,Hospitals,Medical,Railway Station,Market","School,College,Hospitals,Medical,Railway Station,Market","School,College,Hospitals,Medical,Railway Station,Market","School,College,Hospitals,Medical,Railway Station,Market","School,College,Hospitals,Medical,Railway Station,Market"
Mahim,815,47800000,2 BHK,"24hr Water Supply,Gas Pipeline,Lift,Club house,24Hr Security,Gym","School,College,Hospitals,Medical,Railway Station,Market","24hr Water Supply,Gas Pipeline,Lift,Club house,24Hr Security,Gym","24hr Water Supply,Gas Pipeline,Lift,Club house,24Hr Security,Gym","24hr Water Supply,Gas Pipeline,Lift,Club house,24Hr Security,Gym","24hr Water Supply,Gas Pipeline,Lift,Club house,24Hr Security,Gym","24hr Water Supply,Gas Pipeline,Lift,Club house,24Hr Security,Gym","24hr Water Supply,Gas Pipeline,Lift,Club house,24Hr Security,Gym","24hr Water Supply,Gas Pipeline,Lift,Club house,24Hr Security,Gym","School,College,Hospitals,Medical,Railway Station,Market","School,College,Hospitals,Medical,Railway Station,Market","School,College,Hospitals,Medical,Railway Station,Market","School,College,Hospitals,Medical,Railway Station,Market","School,College,Hospitals,Medical,Railway Station,Market","School,College,Hospitals,Medical,Railway Station,Market"
Borivali,552,10000000,1 BHK,"Car Parking,24hr Water Supply,Gas Pipeline,Lift,24Hr Security,Gym","Medical,Market","Car Parking,24hr Water Supply,Gas Pipeline,Lift,24Hr Security,Gym","Car Parking,24hr Water Supply,Gas Pipeline,Lift,24Hr Security,Gym","Car Parking,24hr Water Supply,Gas Pipeline,Lift,24Hr Security,Gym","Car Parking,24hr Water Supply,Gas Pipeline,Lift,24Hr Security,Gym","Car Parking,24hr Water Supply,Gas Pipeline,Lift,24Hr Security,Gym","Car Parking,24hr Water Supply,Gas Pipeline,Lift,24Hr Security,Gym","Car Parking,24hr Water Supply,Gas Pipeline,Lift,24Hr Security,Gym","Medical,Market","Medical,Market","Medical,Market","Medical,Market","Medical,Market","Medical,Market"
Borivali,900,16299999,2 BHK,"Car Parking,24hr Water Supply,Maintenance Staff,Gas Pipeline,Lift,24Hr Security","School,Hospitals,Medical,Railway Station,Market","Car Parking,24hr Water Supply,Maintenance Staff,Gas Pipeline,Lift,24Hr Security","Car Parking,24hr Water Supply,Maintenance Staff,Gas Pipeline,Lift,24Hr Security","Car Parking,24hr Water Supply,Maintenance Staff,Gas Pipeline,Lift,24Hr Security","Car Parking,24hr Water Supply,Maintenance Staff,Gas Pipeline,Lift,24Hr Security","Car Parking,24hr Water Supply,Maintenance Staff,Gas Pipeline,Lift,24Hr Security","Car Parking,24hr Water Supply,Maintenance Staff,Gas Pipeline,Lift,24Hr Security","Car Parking,24hr Water Supply,Maintenance Staff,Gas Pipeline,Lift,24Hr Security","School,Hospitals,Medical,Railway Station,Market","School,Hospitals,Medical,Railway Station,Market","School,Hospitals,Medical,Railway Station,Market","School,Hospitals,Medical,Railway Station,Market","School,Hospitals,Medical,Railway Station,Market","School,Hospitals,Medical,Railway Station,Market"
Matunga Road,560,18000000,1 BHK,"24hr Water Supply,Gas Pipeline,Lift,Gym","School,College,Hospitals,Medical,Railway Station,Market","24hr Water Supply,Gas Pipeline,Lift,Gym","24hr Water Supply,Gas Pipeline,Lift,Gym","24hr Water Supply,Gas Pipeline,Lift,Gym","24hr Water Supply,Gas Pipeline,Lift,Gym","24hr Water Supply,Gas Pipeline,Lift,Gym","24hr Water Supply,Gas Pipeline,Lift,Gym","24hr Water Supply,Gas Pipeline,Lift,Gym","School,College,Hospitals,Medical,Railway Station,Market","School,College,Hospitals,Medical,Railway Station,Market","School,College,Hospitals,Medical,Railway Station,Market","School,College,Hospitals,Medical,Railway Station,Market","School,College,Hospitals,Medical,Railway Station,Market","School,College,Hospitals,Medical,Railway Station,Market"
Matunga Road,1130,53000000,3 BHK,"24hr Water Supply,Gas Pipeline,Lift,Gym","School,College,Hospitals,Medical,Railway Station,Market","24hr Water Supply,Gas Pipeline,Lift,Gym","24hr Water Supply,Gas Pipeline,Lift,Gym","24hr Water Supply,Gas Pipeline,Lift,Gym","24hr Water Supply,Gas Pipeline,Lift,Gym","24hr Water Supply,Gas Pipeline,Lift,Gym","24hr Water Supply,Gas Pipeline,Lift,Gym","24hr Water Supply,Gas Pipeline,Lift,Gym","School,College,Hospitals,Medical,Railway Station,Market","School,College,Hospitals,Medical,Railway Station,Market","School,College,Hospitals,Medical,Railway Station,Market","School,College,Hospitals,Medical,Railway Station,Market","School,College,Hospitals,Medical,Railway Station,Market","School,College,Hospitals,Medical,Railway Station,Market"
Dadar,1240,37500000,2 BHK,"Car Parking,Lift,Club house,24Hr Security,Gym","School,College,Hospitals,Medical,Railway Station,Market","Car Parking,Lift,Club house,24Hr Security,Gym","Car Parking,Lift,Club house,24Hr Security,Gym","Car Parking,Lift,Club house,24Hr Security,Gym","Car Parking,Lift,Club house,24Hr Security,Gym","Car Parking,Lift,Club house,24Hr Security,Gym","Car Parking,Lift,Club house,24Hr Security,Gym","Car Parking,Lift,Club house,24Hr Security,Gym","School,College,Hospitals,Medical,Railway Station,Market","School,College,Hospitals,Medical,Railway Station,Market","School,College,Hospitals,Medical,Railway Station,Market","School,College,Hospitals,Medical,Railway Station,Market","School,College,Hospitals,Medical,Railway Station,Market","School,College,Hospitals,Medical,Railway Station,Market"
Kandivali,685,7500000,1 BHK,"Car Parking,Lift,24Hr Security,Gym","Medical,Market","Car Parking,Lift,24Hr Security,Gym","Car Parking,Lift,24Hr Security,Gym","Car Parking,Lift,24Hr Security,Gym","Car Parking,Lift,24Hr Security,Gym","Car Parking,Lift,24Hr Security,Gym","Car Parking,Lift,24Hr Security,Gym","Car Parking,Lift,24Hr Security,Gym","Medical,Market","Medical,Market","Medical,Market","Medical,Market","Medical,Market","Medical,Market"
Kandivali,1054,11000000,2 BHK,"Car Parking,Lift,Club house,24Hr Security,Gym","School,College,Hospitals,Medical,Railway Station,Market","Car Parking,Lift,Club house,24Hr Security,Gym","Car Parking,Lift,Club house,24Hr Security,Gym","Car Parking,Lift,Club house,24Hr Security,Gym","Car Parking,Lift,Club house,24Hr Security,Gym","Car Parking,Lift,Club house,24Hr Security,Gym","Car Parking,Lift,Club house,24Hr Security,Gym","Car Parking,Lift,Club house,24Hr Security,Gym","School,College,Hospitals,Medical,Railway Station,Market","School,College,Hospitals,Medical,Railway Station,Market","School,College,Hospitals,Medical,Railway Station,Market","School,College,Hospitals,Medical,Railway Station,Market","School,College,Hospitals,Medical,Railway Station,Market","School,College,Hospitals,Medical,Railway Station,Market"
Khar,950,34800000,2 BHK,"Car Parking,24hr Water Supply,Maintenance Staff,Gas Pipeline,Lift,Club house,24Hr Security,Gym","School,College,Hospitals,Medical,Railway Station,Market","Car Parking,24hr Water Supply,Maintenance Staff,Gas Pipeline,Lift,Club house,24Hr Security,Gym","Car Parking,24hr Water Supply,Maintenance Staff,Gas Pipeline,Lift,Club house,24Hr Security,Gym","Car Parking,24hr Water Supply,Maintenance Staff,Gas Pipeline,Lift,Club house,24Hr Security,Gym","Car Parking,24hr Water Supply,Maintenance Staff,Gas Pipeline,Lift,Club house,24Hr Security,Gym","Car Parking,24hr Water Supply,Maintenance Staff,Gas Pipeline,Lift,Club house,24Hr Security,Gym","Car Parking,24hr Water Supply,Maintenance Staff,Gas Pipeline,Lift,Club house,24Hr Security,Gym","Car Parking,24hr Water Supply,Maintenance Staff,Gas Pipeline,Lift,Club house,24Hr Security,Gym","School,College,Hospitals,Medical,Railway Station,Market","School,College,Hospitals,Medical,Railway Station,Market","School,College,Hospitals,Medical,Railway Station,Market","School,College,Hospitals,Medical,Railway Station,Market","School,College,Hospitals,Medical,Railway Station,Market","School,College,Hospitals,Medical,Railway Station,Market"
Kandivali,627,7000000,1 BHK,"Car Parking,Lift,Club house,24Hr Security,Gym","School,College,Hospitals,Medical,Railway Station,Market","Car Parking,Lift,Club house,24Hr Security,Gym","Car Parking,Lift,Club house,24Hr Security,Gym","Car Parking,Lift,Club house,24Hr Security,Gym","Car Parking,Lift,Club house,24Hr Security,Gym","Car Parking,Lift,Club house,24Hr Security,Gym","Car Parking,Lift,Club house,24Hr Security,Gym","Car Parking,Lift,Club house,24Hr Security,Gym","School,College,Hospitals,Medical,Railway Station,Market","School,College,Hospitals,Medical,Railway Station,Market","School,College,Hospitals,Medical,Railway Station,Market","School,College,Hospitals,Medical,Railway Station,Market","School,College,Hospitals,Medical,Railway Station,Market","School,College,Hospitals,Medical,Railway Station,Market"
Santacruz,1100,18500000,2 BHK,"24hr Water Supply,Gas Pipeline,Lift","Medical,Market","24hr Water Supply,Gas Pipeline,Lift","24hr Water Supply,Gas Pipeline,Lift","24hr Water Supply,Gas Pipeline,Lift","24hr Water Supply,Gas Pipeline,Lift","24hr Water Supply,Gas Pipeline,Lift","24hr Water Supply,Gas Pipeline,Lift","24hr Water Supply,Gas Pipeline,Lift","Medical,Market","Medical,Market","Medical,Market","Medical,Market","Medical,Market","Medical,Market"
Kandivali,693,7200000,1 BHK,"Car Parking,Lift,Club house,24Hr Security,Gym","Medical,Market","Car Parking,Lift,Club house,24Hr Security,Gym","Car Parking,Lift,Club house,24Hr Security,Gym","Car Parking,Lift,Club house,24Hr Security,Gym","Car Parking,Lift,Club house,24Hr Security,Gym","Car Parking,Lift,Club house,24Hr Security,Gym","Car Parking,Lift,Club house,24Hr Security,Gym","Car Parking,Lift,Club house,24Hr Security,Gym","Medical,Market","Medical,Market","Medical,Market","Medical,Market","Medical,Market","Medical,Market"
Malad,650,10000000,1 BHK,"Car Parking,Lift,Gym","School,College,Hospitals,Medical,Railway Station,Market","Car Parking,Lift,Gym","Car Parking,Lift,Gym","Car Parking,Lift,Gym","Car Parking,Lift,Gym","Car Parking,Lift,Gym","Car Parking,Lift,Gym","Car Parking,Lift,Gym","School,College,Hospitals,Medical,Railway Station,Market","School,College,Hospitals,Medical,Railway Station,Market","School,College,Hospitals,Medical,Railway Station,Market","School,College,Hospitals,Medical,Railway Station,Market","School,College,Hospitals,Medical,Railway Station,Market","School,College,Hospitals,Medical,Railway Station,Market"
Andheri,1000,24000000,2 BHK,"Car Parking,Maintenance Staff,24Hr Security","School,Hospitals,Medical,Railway Station,Market","Car Parking,Maintenance Staff,24Hr Security","Car Parking,Maintenance Staff,24Hr Security","Car Parking,Maintenance Staff,24Hr Security","Car Parking,Maintenance Staff,24Hr Security","Car Parking,Maintenance Staff,24Hr Security","Car Parking,Maintenance Staff,24Hr Security","Car Parking,Maintenance Staff,24Hr Security","School,Hospitals,Medical,Railway Station,Market","School,Hospitals,Medical,Railway Station,Market","School,Hospitals,Medical,Railway Station,Market","School,Hospitals,Medical,Railway Station,Market","School,Hospitals,Medical,Railway Station,Market","School,Hospitals,Medical,Railway Station,Market"
Andheri,1120,3900000,2 BHK,"Car Parking,Maintenance Staff,Lift,24Hr Security,Gym","Medical,Market","Car Parking,Maintenance Staff,Lift,24Hr Security,Gym","Car Parking,Maintenance Staff,Lift,24Hr Security,Gym","Car Parking,Maintenance Staff,Lift,24Hr Security,Gym","Car Parking,Maintenance Staff,Lift,24Hr Security,Gym","Car Parking,Maintenance Staff,Lift,24Hr Security,Gym","Car Parking,Maintenance Staff,Lift,24Hr Security,Gym","Car Parking,Maintenance Staff,Lift,24Hr Security,Gym","Medical,Market","Medical,Market","Medical,Market","Medical,Market","Medical,Market","Medical,Market"
Andheri,1100,18000000,2 BHK,"Car Parking,Maintenance Staff,Lift,24Hr Security,Gym",Medical,"Car Parking,Maintenance Staff,Lift,24Hr Security,Gym","Car Parking,Maintenance Staff,Lift,24Hr Security,Gym","Car Parking,Maintenance Staff,Lift,24Hr Security,Gym","Car Parking,Maintenance Staff,Lift,24Hr Security,Gym","Car Parking,Maintenance Staff,Lift,24Hr Security,Gym","Car Parking,Maintenance Staff,Lift,24Hr Security,Gym","Car Parking,Maintenance Staff,Lift,24Hr Security,Gym",Medical,Medical,Medical,Medical,Medical,Medical
Mumbai Central,685,4300000,1 BHK,"Car Parking,Maintenance Staff,Lift,24Hr Security,Gym","Medical,Railway Station,Market","Car Parking,Maintenance Staff,Lift,24Hr Security,Gym","Car Parking,Maintenance Staff,Lift,24Hr Security,Gym","Car Parking,Maintenance Staff,Lift,24Hr Security,Gym","Car Parking,Maintenance Staff,Lift,24Hr Security,Gym","Car Parking,Maintenance Staff,Lift,24Hr Security,Gym","Car Parking,Maintenance Staff,Lift,24Hr Security,Gym","Car Parking,Maintenance Staff,Lift,24Hr Security,Gym","Medical,Railway Station,Market","Medical,Railway Station,Market","Medical,Railway Station,Market","Medical,Railway Station,Market","Medical,Railway Station,Market","Medical,Railway Station,Market"
Prabhadevi,1000,27500000,2 BHK,"Car Parking,Lift,24Hr Security","Medical,Market","Car Parking,Lift,24Hr Security","Car Parking,Lift,24Hr Security","Car Parking,Lift,24Hr Security","Car Parking,Lift,24Hr Security","Car Parking,Lift,24Hr Security","Car Parking,Lift,24Hr Security","Car Parking,Lift,24Hr Security","Medical,Market","Medical,Market","Medical,Market","Medical,Market","Medical,Market","Medical,Market"
Prabhadevi,310,12900000,1 BHK,"Car Parking,Maintenance Staff,Lift,24Hr Security","School,College,Hospitals,Medical,Railway Station,Market","Car Parking,Maintenance Staff,Lift,24Hr Security","Car Parking,Maintenance Staff,Lift,24Hr Security","Car Parking,Maintenance Staff,Lift,24Hr Security","Car Parking,Maintenance Staff,Lift,24Hr Security","Car Parking,Maintenance Staff,Lift,24Hr Security","Car Parking,Maintenance Staff,Lift,24Hr Security","Car Parking,Maintenance Staff,Lift,24Hr Security","School,College,Hospitals,Medical,Railway Station,Market","School,College,Hospitals,Medical,Railway Station,Market","School,College,Hospitals,Medical,Railway Station,Market","School,College,Hospitals,Medical,Railway Station,Market","School,College,Hospitals,Medical,Railway Station,Market","School,College,Hospitals,Medical,Railway Station,Market"
Mumbai Central,1115,5500000,2 BHK,"Car Parking,24hr Water Supply,Maintenance Staff,Gym","School,College,Hospitals,Medical,Railway Station,Market","Car Parking,24hr Water Supply,Maintenance Staff,Gym","Car Parking,24hr Water Supply,Maintenance Staff,Gym","Car Parking,24hr Water Supply,Maintenance Staff,Gym","Car Parking,24hr Water Supply,Maintenance Staff,Gym","Car Parking,24hr Water Supply,Maintenance Staff,Gym","Car Parking,24hr Water Supply,Maintenance Staff,Gym","Car Parking,24hr Water Supply,Maintenance Staff,Gym","School,College,Hospitals,Medical,Railway Station,Market","School,College,Hospitals,Medical,Railway Station,Market","School,College,Hospitals,Medical,Railway Station,Market","School,College,Hospitals,Medical,Railway Station,Market","School,College,Hospitals,Medical,Railway Station,Market","School,College,Hospitals,Medical,Railway Station,Market"
Jogeshwari,1450,29900000,3 BHK,"24hr Water Supply,Gas Pipeline,Lift,24Hr Security,Gym",Medical,"24hr Water Supply,Gas Pipeline,Lift,24Hr Security,Gym","24hr Water Supply,Gas Pipeline,Lift,24Hr Security,Gym","24hr Water Supply,Gas Pipeline,Lift,24Hr Security,Gym","24hr Water Supply,Gas Pipeline,Lift,24Hr Security,Gym","24hr Water Supply,Gas Pipeline,Lift,24Hr Security,Gym","24hr Water Supply,Gas Pipeline,Lift,24Hr Security,Gym","24hr Water Supply,Gas Pipeline,Lift,24Hr Security,Gym",Medical,Medical,Medical,Medical,Medical,Medical
